"problem","algo","score","time-ns","train-iters","problem-size"
"n-queens","rhc",295.000000,18315900,100,25
"n-queens","rhc",297.000000,26307000,200,25
"n-queens","rhc",299.000000,1133100,300,25
"n-queens","rhc",299.000000,1764900,400,25
"n-queens","rhc",299.000000,1752700,500,25
"n-queens","rhc",300.000000,2042900,600,25
"n-queens","rhc",300.000000,4721500,700,25
"n-queens","rhc",300.000000,4693200,800,25
"n-queens","rhc",300.000000,3231400,900,25
"n-queens","rhc",300.000000,3484900,1000,25
"n-queens","annealing",298.000000,444800,100,25
"n-queens","annealing",299.000000,913600,200,25
"n-queens","annealing",299.000000,1700500,300,25
"n-queens","annealing",299.000000,2015700,400,25
"n-queens","annealing",299.000000,2413200,500,25
"n-queens","annealing",299.000000,18713300,600,25
"n-queens","annealing",299.000000,26915000,700,25
"n-queens","annealing",299.000000,24968900,800,25
"n-queens","annealing",299.000000,4507200,900,25
"n-queens","annealing",299.000000,5221000,1000,25
"n-queens","genetic",284.000000,87182100,100,25
"n-queens","genetic",278.000000,97898800,200,25
"n-queens","genetic",272.000000,147262800,300,25
"n-queens","genetic",274.000000,247598400,400,25
"n-queens","genetic",269.000000,198943900,500,25
"n-queens","genetic",267.000000,308455500,600,25
"n-queens","genetic",262.000000,312467800,700,25
"n-queens","genetic",261.000000,332303500,800,25
"n-queens","genetic",256.000000,384585500,900,25
"n-queens","genetic",255.000000,563231900,1000,25
"n-queens","mimic",295.000000,4414014000,100,25
"n-queens","mimic",295.000000,8205368700,200,25
"n-queens","mimic",296.000000,12226134700,300,25
"n-queens","mimic",297.000000,17475471100,400,25
"n-queens","mimic",297.000000,19588161100,500,25
"n-queens","mimic",297.000000,21542339900,600,25
"n-queens","mimic",297.000000,23901232300,700,25
"n-queens","mimic",297.000000,25316516200,800,25
"n-queens","mimic",297.000000,25228284500,900,25
"n-queens","mimic",297.000000,27299322100,1000,25
"four-peaks","rhc",11.000000,1733800,100,25
"four-peaks","rhc",12.000000,1143400,200,25
"four-peaks","rhc",40.000000,2114800,300,25
"four-peaks","rhc",40.000000,1460800,400,25
"four-peaks","rhc",40.000000,1200100,500,25
"four-peaks","rhc",40.000000,731700,600,25
"four-peaks","rhc",40.000000,469500,700,25
"four-peaks","rhc",40.000000,499700,800,25
"four-peaks","rhc",40.000000,1209100,900,25
"four-peaks","rhc",40.000000,316100,1000,25
"four-peaks","annealing",5.000000,48200,100,25
"four-peaks","annealing",37.000000,77800,200,25
"four-peaks","annealing",39.000000,562800,300,25
"four-peaks","annealing",44.000000,1559000,400,25
"four-peaks","annealing",44.000000,771800,500,25
"four-peaks","annealing",44.000000,807900,600,25
"four-peaks","annealing",44.000000,917200,700,25
"four-peaks","annealing",44.000000,1020500,800,25
"four-peaks","annealing",44.000000,1300800,900,25
"four-peaks","annealing",44.000000,1618600,1000,25
"four-peaks","genetic",35.000000,13188100,100,25
"four-peaks","genetic",44.000000,41196600,200,25
"four-peaks","genetic",44.000000,136865300,300,25
"four-peaks","genetic",44.000000,222541900,400,25
"four-peaks","genetic",44.000000,184070500,500,25
"four-peaks","genetic",44.000000,227216500,600,25
"four-peaks","genetic",44.000000,360510500,700,25
"four-peaks","genetic",44.000000,250244300,800,25
"four-peaks","genetic",44.000000,316527800,900,25
"four-peaks","genetic",44.000000,377879700,1000,25
"four-peaks","mimic",5.000000,425450700,100,25
"four-peaks","mimic",0.000000,755269100,200,25
"four-peaks","mimic",6.000000,1025189500,300,25
"four-peaks","mimic",5.000000,1434696100,400,25
"four-peaks","mimic",25.000000,1720378100,500,25
"four-peaks","mimic",25.000000,2099255400,600,25
"four-peaks","mimic",25.000000,2364861200,700,25
"four-peaks","mimic",25.000000,2858222500,800,25
"four-peaks","mimic",25.000000,3070755200,900,25
"four-peaks","mimic",25.000000,3537500200,1000,25
"count-ones","rhc",14.000000,2159300,100,25
"count-ones","rhc",14.000000,1015600,200,25
"count-ones","rhc",14.000000,1607000,300,25
"count-ones","rhc",14.000000,537400,400,25
"count-ones","rhc",14.000000,452500,500,25
"count-ones","rhc",14.000000,816300,600,25
"count-ones","rhc",14.000000,572600,700,25
"count-ones","rhc",14.000000,3856500,800,25
"count-ones","rhc",14.000000,472500,900,25
"count-ones","rhc",14.000000,728500,1000,25
"count-ones","annealing",24.000000,60100,100,25
"count-ones","annealing",25.000000,177300,200,25
"count-ones","annealing",25.000000,564500,300,25
"count-ones","annealing",25.000000,677300,400,25
"count-ones","annealing",25.000000,857900,500,25
"count-ones","annealing",25.000000,997600,600,25
"count-ones","annealing",25.000000,2549900,700,25
"count-ones","annealing",25.000000,2310900,800,25
"count-ones","annealing",25.000000,3443400,900,25
"count-ones","annealing",25.000000,2029700,1000,25
"count-ones","mimic",24.000000,370257200,100,25
"count-ones","mimic",24.000000,816953800,200,25
"count-ones","mimic",24.000000,1062875900,300,25
"count-ones","mimic",24.000000,1352506700,400,25
"count-ones","mimic",24.000000,1611529000,500,25
"count-ones","mimic",24.000000,2106002100,600,25
"count-ones","mimic",24.000000,2126268600,700,25
"count-ones","mimic",24.000000,2684839800,800,25
"count-ones","mimic",24.000000,2934331700,900,25
"count-ones","mimic",24.000000,3281999300,1000,25
"traveling-salesman","rhc",0.130742,2413000,100,25
"traveling-salesman","rhc",0.159644,2428600,200,25
"traveling-salesman","rhc",0.167792,6340000,300,25
"traveling-salesman","rhc",0.170726,2159800,400,25
"traveling-salesman","rhc",0.174979,670700,500,25
"traveling-salesman","rhc",0.174979,864600,600,25
"traveling-salesman","rhc",0.174979,388600,700,25
"traveling-salesman","rhc",0.174979,302700,800,25
"traveling-salesman","rhc",0.174979,352000,900,25
"traveling-salesman","rhc",0.174979,405400,1000,25
"traveling-salesman","annealing",0.118368,94500,100,25
"traveling-salesman","annealing",0.155836,213800,200,25
"traveling-salesman","annealing",0.181366,554200,300,25
"traveling-salesman","annealing",0.206242,577900,400,25
"traveling-salesman","annealing",0.206242,1116100,500,25
"traveling-salesman","annealing",0.206242,1052000,600,25
"traveling-salesman","annealing",0.206242,1251700,700,25
"traveling-salesman","annealing",0.206242,1558300,800,25
"traveling-salesman","annealing",0.206242,1775900,900,25
"traveling-salesman","annealing",0.206242,3223900,1000,25
"traveling-salesman","genetic",0.158682,42826200,100,25
"traveling-salesman","genetic",0.334197,77010900,200,25
"traveling-salesman","genetic",0.333899,116325000,300,25
"traveling-salesman","genetic",0.544023,141724300,400,25
"traveling-salesman","genetic",0.625048,196086800,500,25
"traveling-salesman","genetic",0.625048,215666500,600,25
"traveling-salesman","genetic",0.750360,303778600,700,25
"traveling-salesman","genetic",0.782095,357164100,800,25
"traveling-salesman","genetic",0.782095,300135100,900,25
"traveling-salesman","genetic",0.782095,356281400,1000,25
"traveling-salesman","mimic",0.325136,404141400,100,25
"traveling-salesman","mimic",0.409574,1009525500,200,25
"traveling-salesman","mimic",0.427498,1112368600,300,25
"traveling-salesman","mimic",0.591008,1577760300,400,25
"traveling-salesman","mimic",0.591008,1827684700,500,25
"traveling-salesman","mimic",0.591008,2388817200,600,25
"traveling-salesman","mimic",0.591008,2609109000,700,25
"traveling-salesman","mimic",0.591008,2863337500,800,25
"traveling-salesman","mimic",0.591008,3487426300,900,25
"traveling-salesman","mimic",0.591008,3541362300,1000,25
"n-queens","rhc",1213.000000,45898000,100,50
"n-queens","rhc",1220.000000,2017700,200,50
"n-queens","rhc",1223.000000,3002400,300,50
"n-queens","rhc",1223.000000,5565700,400,50
"n-queens","rhc",1223.000000,6838600,500,50
"n-queens","rhc",1223.000000,11243800,600,50
"n-queens","rhc",1223.000000,8182600,700,50
"n-queens","rhc",1223.000000,42304700,800,50
"n-queens","rhc",1223.000000,14037500,900,50
"n-queens","rhc",1223.000000,10545500,1000,50
"n-queens","annealing",1216.000000,1269700,100,50
"n-queens","annealing",1221.000000,12319900,200,50
"n-queens","annealing",1222.000000,3975900,300,50
"n-queens","annealing",1222.000000,42524200,400,50
"n-queens","annealing",1224.000000,9421800,500,50
"n-queens","annealing",1224.000000,12396000,600,50
"n-queens","annealing",1224.000000,13095000,700,50
"n-queens","annealing",1225.000000,10822700,800,50
"n-queens","annealing",1225.000000,11696900,900,50
"n-queens","annealing",1225.000000,14444500,1000,50
"n-queens","genetic",1183.000000,149482800,100,50
"n-queens","genetic",1177.000000,175724400,200,50
"n-queens","genetic",1167.000000,214892600,300,50
"n-queens","genetic",1162.000000,318069800,400,50
"n-queens","genetic",1122.000000,351429200,500,50
"n-queens","genetic",1119.000000,433347400,600,50
"n-queens","genetic",1108.000000,506995000,700,50
"n-queens","genetic",1098.000000,622070600,800,50
"n-queens","genetic",1078.000000,671021400,900,50
"n-queens","genetic",1077.000000,733875100,1000,50
"n-queens","mimic",1213.000000,8348269500,100,50
"n-queens","mimic",1213.000000,17010028600,200,50
"n-queens","mimic",1213.000000,24392539500,300,50
"n-queens","mimic",1214.000000,32185395900,400,50
"n-queens","mimic",1214.000000,37201214500,500,50
"n-queens","mimic",1214.000000,39924423100,600,50
"n-queens","mimic",1214.000000,44144723700,700,50
"n-queens","mimic",1215.000000,42630718900,800,50
"n-queens","mimic",1215.000000,44778844500,900,50
"n-queens","mimic",1215.000000,43336907800,1000,50
"four-peaks","rhc",15.000000,1834600,100,50
"four-peaks","rhc",20.000000,1721100,200,50
"four-peaks","rhc",21.000000,726800,300,50
"four-peaks","rhc",24.000000,701100,400,50
"four-peaks","rhc",27.000000,1074100,500,50
"four-peaks","rhc",78.000000,3044800,600,50
"four-peaks","rhc",78.000000,490000,700,50
"four-peaks","rhc",78.000000,589700,800,50
"four-peaks","rhc",79.000000,615700,900,50
"four-peaks","rhc",79.000000,638200,1000,50
"four-peaks","annealing",9.000000,149700,100,50
"four-peaks","annealing",9.000000,193700,200,50
"four-peaks","annealing",17.000000,396000,300,50
"four-peaks","annealing",20.000000,685300,400,50
"four-peaks","annealing",27.000000,809500,500,50
"four-peaks","annealing",45.000000,1363200,600,50
"four-peaks","annealing",50.000000,3440500,700,50
"four-peaks","annealing",50.000000,2983500,800,50
"four-peaks","annealing",50.000000,1985200,900,50
"four-peaks","annealing",50.000000,4146800,1000,50
"four-peaks","genetic",13.000000,42458900,100,50
"four-peaks","genetic",22.000000,114875300,200,50
"four-peaks","genetic",35.000000,185352700,300,50
"four-peaks","genetic",38.000000,251514200,400,50
"four-peaks","genetic",38.000000,311752900,500,50
"four-peaks","genetic",39.000000,306702900,600,50
"four-peaks","genetic",47.000000,357257800,700,50
"four-peaks","genetic",50.000000,437169600,800,50
"four-peaks","genetic",50.000000,636453200,900,50
"four-peaks","genetic",50.000000,518896100,1000,50
"four-peaks","mimic",0.000000,1100170000,100,50
"four-peaks","mimic",0.000000,1588869800,200,50
"four-peaks","mimic",0.000000,2245987600,300,50
"four-peaks","mimic",3.000000,3065655300,400,50
"four-peaks","mimic",3.000000,4136911300,500,50
"four-peaks","mimic",7.000000,4545610700,600,50
"four-peaks","mimic",7.000000,5466793100,700,50
"four-peaks","mimic",38.000000,6256642700,800,50
"four-peaks","mimic",38.000000,6866383300,900,50
"four-peaks","mimic",38.000000,7377335500,1000,50
"count-ones","rhc",17.000000,2132300,100,50
"count-ones","rhc",17.000000,2005200,200,50
"count-ones","rhc",17.000000,342800,300,50
"count-ones","rhc",17.000000,424300,400,50
"count-ones","rhc",17.000000,483900,500,50
"count-ones","rhc",17.000000,448400,600,50
"count-ones","rhc",17.000000,1031400,700,50
"count-ones","rhc",17.000000,278000,800,50
"count-ones","rhc",17.000000,302900,900,50
"count-ones","rhc",17.000000,321500,1000,50
"count-ones","annealing",37.000000,88000,100,50
"count-ones","annealing",50.000000,162200,200,50
"count-ones","annealing",50.000000,342400,300,50
"count-ones","annealing",50.000000,535200,400,50
"count-ones","annealing",50.000000,751600,500,50
"count-ones","annealing",50.000000,1094800,600,50
"count-ones","annealing",50.000000,1444600,700,50
"count-ones","annealing",50.000000,11669800,800,50
"count-ones","annealing",50.000000,2101200,900,50
"count-ones","annealing",50.000000,2753200,1000,50
"count-ones","mimic",46.000000,936486300,100,50
"count-ones","mimic",46.000000,1447115500,200,50
"count-ones","mimic",46.000000,1947859900,300,50
"count-ones","mimic",46.000000,2825830100,400,50
"count-ones","mimic",46.000000,3420013100,500,50
"count-ones","mimic",46.000000,4580969200,600,50
"count-ones","mimic",46.000000,4891371000,700,50
"count-ones","mimic",46.000000,5520170700,800,50
"count-ones","mimic",46.000000,6271444400,900,50
"count-ones","mimic",46.000000,7081726100,1000,50
"traveling-salesman","rhc",0.060589,4226100,100,50
"traveling-salesman","rhc",0.076761,8949500,200,50
"traveling-salesman","rhc",0.089710,348700,300,50
"traveling-salesman","rhc",0.097555,302400,400,50
"traveling-salesman","rhc",0.101546,305400,500,50
"traveling-salesman","rhc",0.107634,315500,600,50
"traveling-salesman","rhc",0.109206,357200,700,50
"traveling-salesman","rhc",0.110443,439400,800,50
"traveling-salesman","rhc",0.116317,549000,900,50
"traveling-salesman","rhc",0.118766,561200,1000,50
"traveling-salesman","annealing",0.057268,111200,100,50
"traveling-salesman","annealing",0.069995,254400,200,50
"traveling-salesman","annealing",0.080093,487100,300,50
"traveling-salesman","annealing",0.093323,915100,400,50
"traveling-salesman","annealing",0.101084,1190700,500,50
"traveling-salesman","annealing",0.107938,1398300,600,50
"traveling-salesman","annealing",0.115700,1636500,700,50
"traveling-salesman","annealing",0.117994,2112200,800,50
"traveling-salesman","annealing",0.118949,4884500,900,50
"traveling-salesman","annealing",0.120564,2081100,1000,50
"traveling-salesman","genetic",0.059821,44692000,100,50
"traveling-salesman","genetic",0.073814,83696200,200,50
"traveling-salesman","genetic",0.124313,205101900,300,50
"traveling-salesman","genetic",0.379275,274282400,400,50
"traveling-salesman","genetic",0.626312,377699700,500,50
"traveling-salesman","genetic",3.202155,454478300,600,50
"traveling-salesman","genetic",3.202155,317933500,700,50
"traveling-salesman","genetic",3.202155,464264200,800,50
"traveling-salesman","genetic",3.202155,454686200,900,50
"traveling-salesman","genetic",3.202155,642189400,1000,50
"traveling-salesman","mimic",0.138645,1168435400,100,50
"traveling-salesman","mimic",0.169081,2042414400,200,50
"traveling-salesman","mimic",0.273661,2720334800,300,50
"traveling-salesman","mimic",0.305709,3336927900,400,50
"traveling-salesman","mimic",0.349280,5140086500,500,50
"traveling-salesman","mimic",0.647634,5726537300,600,50
"traveling-salesman","mimic",0.647634,6873590100,700,50
"traveling-salesman","mimic",1.210575,6112347600,800,50
"traveling-salesman","mimic",2.263124,7784272600,900,50
"traveling-salesman","mimic",2.263124,8892476000,1000,50
"n-queens","rhc",2758.000000,45178100,100,75
"n-queens","rhc",2766.000000,5416500,200,75
"n-queens","rhc",2769.000000,6479900,300,75
"n-queens","rhc",2772.000000,14615600,400,75
"n-queens","rhc",2773.000000,25271500,500,75
"n-queens","rhc",2773.000000,13831000,600,75
"n-queens","rhc",2774.000000,95637700,700,75
"n-queens","rhc",2775.000000,26475400,800,75
"n-queens","rhc",2775.000000,36847100,900,75
"n-queens","rhc",2775.000000,17448600,1000,75
"n-queens","annealing",2755.000000,1947200,100,75
"n-queens","annealing",2762.000000,5810300,200,75
"n-queens","annealing",2771.000000,6752000,300,75
"n-queens","annealing",2771.000000,9696000,400,75
"n-queens","annealing",2773.000000,11879700,500,75
"n-queens","annealing",2773.000000,14543800,600,75
"n-queens","annealing",2773.000000,17321600,700,75
"n-queens","annealing",2773.000000,26881100,800,75
"n-queens","annealing",2773.000000,31251800,900,75
"n-queens","annealing",2773.000000,30908400,1000,75
"n-queens","genetic",2699.000000,111258400,100,75
"n-queens","genetic",2688.000000,380709300,200,75
"n-queens","genetic",2662.000000,376024600,300,75
"n-queens","genetic",2643.000000,702516700,400,75
"n-queens","genetic",2621.000000,589748800,500,75
"n-queens","genetic",2582.000000,958621500,600,75
"n-queens","genetic",2551.000000,849467600,700,75
"n-queens","genetic",2549.000000,1221574100,800,75
"n-queens","genetic",2543.000000,968977400,900,75
"n-queens","genetic",2510.000000,1207277400,1000,75
"n-queens","mimic",2750.000000,15224638100,100,75
"n-queens","mimic",2754.000000,29037060500,200,75
"n-queens","mimic",2755.000000,43131446500,300,75
"n-queens","mimic",2755.000000,51158833400,400,75
"n-queens","mimic",2756.000000,60828333100,500,75
"n-queens","mimic",2756.000000,63410537100,600,75
"n-queens","mimic",2757.000000,67857975400,700,75
"n-queens","mimic",2758.000000,66444618300,800,75
"n-queens","mimic",2758.000000,66104332500,900,75
"n-queens","mimic",2758.000000,70446348900,1000,75
"four-peaks","rhc",4.000000,2810000,100,75
"four-peaks","rhc",7.000000,301500,200,75
"four-peaks","rhc",9.000000,643200,300,75
"four-peaks","rhc",14.000000,668800,400,75
"four-peaks","rhc",17.000000,420500,500,75
"four-peaks","rhc",21.000000,567500,600,75
"four-peaks","rhc",24.000000,529500,700,75
"four-peaks","rhc",29.000000,663300,800,75
"four-peaks","rhc",106.000000,2013000,900,75
"four-peaks","rhc",111.000000,1023300,1000,75
"four-peaks","annealing",3.000000,390400,100,75
"four-peaks","annealing",4.000000,120000,200,75
"four-peaks","annealing",4.000000,821800,300,75
"four-peaks","annealing",9.000000,775400,400,75
"four-peaks","annealing",15.000000,1380600,500,75
"four-peaks","annealing",30.000000,1589800,600,75
"four-peaks","annealing",42.000000,1820100,700,75
"four-peaks","annealing",49.000000,1784600,800,75
"four-peaks","annealing",61.000000,2628500,900,75
"four-peaks","annealing",75.000000,4836500,1000,75
"four-peaks","genetic",9.000000,64669700,100,75
"four-peaks","genetic",21.000000,160659000,200,75
"four-peaks","genetic",38.000000,161676100,300,75
"four-peaks","genetic",41.000000,304877200,400,75
"four-peaks","genetic",43.000000,455261900,500,75
"four-peaks","genetic",50.000000,431769400,600,75
"four-peaks","genetic",55.000000,575219300,700,75
"four-peaks","genetic",63.000000,622470600,800,75
"four-peaks","genetic",59.000000,626304800,900,75
"four-peaks","genetic",61.000000,668867700,1000,75
"four-peaks","mimic",4.000000,1544627800,100,75
"four-peaks","mimic",3.000000,2553721500,200,75
"four-peaks","mimic",6.000000,4007344300,300,75
"four-peaks","mimic",9.000000,5136615200,400,75
"four-peaks","mimic",9.000000,6372468800,500,75
"four-peaks","mimic",11.000000,8119884500,600,75
"four-peaks","mimic",40.000000,8295973200,700,75
"four-peaks","mimic",75.000000,9460144800,800,75
"four-peaks","mimic",75.000000,10560110000,900,75
"four-peaks","mimic",75.000000,13078725000,1000,75
"count-ones","rhc",38.000000,3595300,100,75
"count-ones","rhc",38.000000,2746600,200,75
"count-ones","rhc",38.000000,358600,300,75
"count-ones","rhc",38.000000,696100,400,75
"count-ones","rhc",38.000000,460900,500,75
"count-ones","rhc",38.000000,531100,600,75
"count-ones","rhc",38.000000,634800,700,75
"count-ones","rhc",38.000000,931900,800,75
"count-ones","rhc",38.000000,821300,900,75
"count-ones","rhc",38.000000,1132600,1000,75
"count-ones","annealing",54.000000,55200,100,75
"count-ones","annealing",69.000000,198100,200,75
"count-ones","annealing",74.000000,462600,300,75
"count-ones","annealing",75.000000,639300,400,75
"count-ones","annealing",75.000000,1871000,500,75
"count-ones","annealing",75.000000,1007700,600,75
"count-ones","annealing",75.000000,1609900,700,75
"count-ones","annealing",75.000000,1109200,800,75
"count-ones","annealing",75.000000,1276500,900,75
"count-ones","annealing",75.000000,1506300,1000,75
"count-ones","mimic",64.000000,1017898800,100,75
"count-ones","mimic",64.000000,2201237700,200,75
"count-ones","mimic",64.000000,2910273100,300,75
"count-ones","mimic",64.000000,4019525600,400,75
"count-ones","mimic",64.000000,5385348100,500,75
"count-ones","mimic",64.000000,6618816700,600,75
"count-ones","mimic",64.000000,7585433200,700,75
"count-ones","mimic",64.000000,8407285100,800,75
"count-ones","mimic",64.000000,9117327700,900,75
"count-ones","mimic",64.000000,10195350300,1000,75
"traveling-salesman","rhc",0.032222,5100700,100,75
"traveling-salesman","rhc",0.039933,6565900,200,75
"traveling-salesman","rhc",0.050287,1788500,300,75
"traveling-salesman","rhc",0.052617,594500,400,75
"traveling-salesman","rhc",0.056235,646000,500,75
"traveling-salesman","rhc",0.061787,1226100,600,75
"traveling-salesman","rhc",0.064890,645800,700,75
"traveling-salesman","rhc",0.069459,1411700,800,75
"traveling-salesman","rhc",0.075242,685500,900,75
"traveling-salesman","rhc",0.078069,807100,1000,75
"traveling-salesman","annealing",0.034207,151000,100,75
"traveling-salesman","annealing",0.043846,306600,200,75
"traveling-salesman","annealing",0.052920,774400,300,75
"traveling-salesman","annealing",0.059736,1013800,400,75
"traveling-salesman","annealing",0.065086,1059500,500,75
"traveling-salesman","annealing",0.067989,1459300,600,75
"traveling-salesman","annealing",0.072720,1705100,700,75
"traveling-salesman","annealing",0.076686,3857500,800,75
"traveling-salesman","annealing",0.079188,3124300,900,75
"traveling-salesman","annealing",0.080210,9258900,1000,75
"traveling-salesman","genetic",0.041928,78770700,100,75
"traveling-salesman","genetic",0.047272,281906200,200,75
"traveling-salesman","genetic",0.070565,230973100,300,75
"traveling-salesman","genetic",0.105582,259722400,400,75
"traveling-salesman","genetic",0.141136,372015000,500,75
"traveling-salesman","genetic",0.217822,994516700,600,75
"traveling-salesman","genetic",0.250108,509477900,700,75
"traveling-salesman","genetic",0.375647,575768800,800,75
"traveling-salesman","genetic",0.398863,644587000,900,75
"traveling-salesman","genetic",0.486618,1074952100,1000,75
"traveling-salesman","mimic",0.078548,2026030600,100,75
"traveling-salesman","mimic",0.101034,2871010700,200,75
"traveling-salesman","mimic",0.109765,3874630900,300,75
"traveling-salesman","mimic",0.118885,5452708300,400,75
"traveling-salesman","mimic",0.126996,6068654800,500,75
"traveling-salesman","mimic",0.160743,7141720100,600,75
"traveling-salesman","mimic",0.239216,7859133100,700,75
"traveling-salesman","mimic",0.317762,8017417900,800,75
"traveling-salesman","mimic",1.307656,9146132900,900,75
"traveling-salesman","mimic",Infinity,10503942900,1000,75
"n-queens","rhc",4924.000000,47445700,100,100
"n-queens","rhc",4936.000000,6687200,200,100
"n-queens","rhc",4938.000000,13638300,300,100
"n-queens","rhc",4943.000000,21842900,400,100
"n-queens","rhc",4945.000000,21486200,500,100
"n-queens","rhc",4946.000000,28145800,600,100
"n-queens","rhc",4948.000000,82922500,700,100
"n-queens","rhc",4948.000000,29640000,800,100
"n-queens","rhc",4949.000000,37472300,900,100
"n-queens","rhc",4949.000000,37957400,1000,100
"n-queens","annealing",4921.000000,3342500,100,100
"n-queens","annealing",4932.000000,6723600,200,100
"n-queens","annealing",4940.000000,12346800,300,100
"n-queens","annealing",4942.000000,19385200,400,100
"n-queens","annealing",4944.000000,24972900,500,100
"n-queens","annealing",4944.000000,30346300,600,100
"n-queens","annealing",4945.000000,41566300,700,100
"n-queens","annealing",4946.000000,47780500,800,100
"n-queens","annealing",4947.000000,37031000,900,100
"n-queens","annealing",4947.000000,48504500,1000,100
"n-queens","genetic",4858.000000,157542700,100,100
"n-queens","genetic",4838.000000,359053600,200,100
"n-queens","genetic",4816.000000,457466600,300,100
"n-queens","genetic",4806.000000,627154200,400,100
"n-queens","genetic",4760.000000,770680600,500,100
"n-queens","genetic",4688.000000,1010505400,600,100
"n-queens","genetic",4665.000000,1154762900,700,100
"n-queens","genetic",4659.000000,1294843700,800,100
"n-queens","genetic",4553.000000,1396467900,900,100
"n-queens","genetic",4467.000000,1725200800,1000,100
"n-queens","mimic",4918.000000,22277420300,100,100
"n-queens","mimic",4921.000000,42087490800,200,100
"n-queens","mimic",4924.000000,61861112700,300,100
"n-queens","mimic",4927.000000,79254918700,400,100
"n-queens","mimic",4929.000000,91747074900,500,100
"n-queens","mimic",4929.000000,101062504000,600,100
"n-queens","mimic",4929.000000,107223088800,700,100
"n-queens","mimic",4929.000000,99198561400,800,100
"n-queens","mimic",4929.000000,100599458100,900,100
"n-queens","mimic",4929.000000,110013119000,1000,100
"four-peaks","rhc",7.000000,2078800,100,100
"four-peaks","rhc",7.000000,1493500,200,100
"four-peaks","rhc",14.000000,415300,300,100
"four-peaks","rhc",25.000000,843500,400,100
"four-peaks","rhc",27.000000,1203300,500,100
"four-peaks","rhc",34.000000,2509000,600,100
"four-peaks","rhc",38.000000,596500,700,100
"four-peaks","rhc",40.000000,942600,800,100
"four-peaks","rhc",44.000000,811400,900,100
"four-peaks","rhc",44.000000,1261600,1000,100
"four-peaks","annealing",0.000000,84800,100,100
"four-peaks","annealing",2.000000,90900,200,100
"four-peaks","annealing",9.000000,407100,300,100
"four-peaks","annealing",9.000000,632500,400,100
"four-peaks","annealing",10.000000,894100,500,100
"four-peaks","annealing",13.000000,978300,600,100
"four-peaks","annealing",15.000000,1241000,700,100
"four-peaks","annealing",25.000000,1372900,800,100
"four-peaks","annealing",42.000000,1837400,900,100
"four-peaks","annealing",47.000000,2292300,1000,100
"four-peaks","genetic",25.000000,31015800,100,100
"four-peaks","genetic",28.000000,176118400,200,100
"four-peaks","genetic",34.000000,301565000,300,100
"four-peaks","genetic",31.000000,420222500,400,100
"four-peaks","genetic",36.000000,470963400,500,100
"four-peaks","genetic",36.000000,547736900,600,100
"four-peaks","genetic",52.000000,603995200,700,100
"four-peaks","genetic",54.000000,731336000,800,100
"four-peaks","genetic",59.000000,747288900,900,100
"four-peaks","genetic",63.000000,855173400,1000,100
"four-peaks","mimic",5.000000,2244356300,100,100
"four-peaks","mimic",8.000000,4204855900,200,100
"four-peaks","mimic",8.000000,6243510500,300,100
"four-peaks","mimic",5.000000,8128852000,400,100
"four-peaks","mimic",24.000000,10168050400,500,100
"four-peaks","mimic",5.000000,11098985800,600,100
"four-peaks","mimic",53.000000,12255297200,700,100
"four-peaks","mimic",60.000000,14829910300,800,100
"four-peaks","mimic",5.000000,16663498900,900,100
"four-peaks","mimic",5.000000,17203508700,1000,100
"count-ones","rhc",50.000000,3740800,100,100
"count-ones","rhc",50.000000,2708600,200,100
"count-ones","rhc",50.000000,400300,300,100
"count-ones","rhc",50.000000,470200,400,100
"count-ones","rhc",50.000000,509100,500,100
"count-ones","rhc",50.000000,713600,600,100
"count-ones","rhc",50.000000,3002100,700,100
"count-ones","rhc",50.000000,2031000,800,100
"count-ones","rhc",50.000000,990500,900,100
"count-ones","rhc",50.000000,1195500,1000,100
"count-ones","annealing",64.000000,90700,100,100
"count-ones","annealing",85.000000,201700,200,100
"count-ones","annealing",98.000000,677800,300,100
"count-ones","annealing",100.000000,801300,400,100
"count-ones","annealing",100.000000,922700,500,100
"count-ones","annealing",100.000000,1237100,600,100
"count-ones","annealing",100.000000,4078500,700,100
"count-ones","annealing",100.000000,3668500,800,100
"count-ones","annealing",100.000000,2075900,900,100
"count-ones","annealing",100.000000,3549900,1000,100
"count-ones","mimic",77.000000,1542071100,100,100
"count-ones","mimic",77.000000,3554660000,200,100
"count-ones","mimic",77.000000,4482585500,300,100
"count-ones","mimic",77.000000,6448865500,400,100
"count-ones","mimic",77.000000,7899398000,500,100
"count-ones","mimic",77.000000,9161746000,600,100
"count-ones","mimic",77.000000,10374871800,700,100
"count-ones","mimic",77.000000,11440604000,800,100
"count-ones","mimic",77.000000,14200005400,900,100
"count-ones","mimic",77.000000,13900113100,1000,100
"traveling-salesman","rhc",0.026818,4592400,100,100
"traveling-salesman","rhc",0.032247,5439800,200,100
"traveling-salesman","rhc",0.037216,2851900,300,100
"traveling-salesman","rhc",0.042343,614100,400,100
"traveling-salesman","rhc",0.044580,668100,500,100
"traveling-salesman","rhc",0.047631,1685300,600,100
"traveling-salesman","rhc",0.051089,662300,700,100
"traveling-salesman","rhc",0.053556,1079300,800,100
"traveling-salesman","rhc",0.054793,1093500,900,100
"traveling-salesman","rhc",0.055906,1780600,1000,100
"traveling-salesman","annealing",0.024547,157300,100,100
"traveling-salesman","annealing",0.030243,327100,200,100
"traveling-salesman","annealing",0.035236,632500,300,100
"traveling-salesman","annealing",0.039404,855100,400,100
"traveling-salesman","annealing",0.045576,1305000,500,100
"traveling-salesman","annealing",0.053233,9091000,600,100
"traveling-salesman","annealing",0.057689,3393600,700,100
"traveling-salesman","annealing",0.062726,8684100,800,100
"traveling-salesman","annealing",0.063808,9536900,900,100
"traveling-salesman","annealing",0.065530,6371500,1000,100
"traveling-salesman","genetic",0.023916,100075400,100,100
"traveling-salesman","genetic",0.028966,174366500,200,100
"traveling-salesman","genetic",0.032760,294050200,300,100
"traveling-salesman","genetic",0.039769,515647600,400,100
"traveling-salesman","genetic",0.042936,569952900,500,100
"traveling-salesman","genetic",0.054294,529152700,600,100
"traveling-salesman","genetic",0.084194,956718800,700,100
"traveling-salesman","genetic",0.140078,835120700,800,100
"traveling-salesman","genetic",0.278009,874045600,900,100
"traveling-salesman","genetic",0.521529,1155341800,1000,100
"traveling-salesman","mimic",0.064888,4328654500,100,100
"traveling-salesman","mimic",0.093510,5289286000,200,100
"traveling-salesman","mimic",0.116557,7168863800,300,100
"traveling-salesman","mimic",0.144563,9281990400,400,100
"traveling-salesman","mimic",0.189961,9544025100,500,100
"traveling-salesman","mimic",0.204124,11146879200,600,100
"traveling-salesman","mimic",0.256817,13991297300,700,100
"traveling-salesman","mimic",0.332587,13931964700,800,100
"traveling-salesman","mimic",0.410729,14650686700,900,100
"traveling-salesman","mimic",0.490692,16563003900,1000,100
"n-queens","rhc",7708.000000,5209300,100,125
"n-queens","rhc",7728.000000,10394600,200,125
"n-queens","rhc",7737.000000,15810600,300,125
"n-queens","rhc",7740.000000,20586200,400,125
"n-queens","rhc",7744.000000,27440300,500,125
"n-queens","rhc",7745.000000,31532000,600,125
"n-queens","rhc",7746.000000,36133100,700,125
"n-queens","rhc",7747.000000,43459600,800,125
"n-queens","rhc",7747.000000,46910400,900,125
"n-queens","rhc",7749.000000,56267700,1000,125
"n-queens","annealing",7712.000000,5444500,100,125
"n-queens","annealing",7725.000000,11935600,200,125
"n-queens","annealing",7735.000000,17511900,300,125
"n-queens","annealing",7737.000000,22301500,400,125
"n-queens","annealing",7741.000000,28638100,500,125
"n-queens","annealing",7741.000000,33010800,600,125
"n-queens","annealing",7742.000000,37790000,700,125
"n-queens","annealing",7744.000000,45198600,800,125
"n-queens","annealing",7745.000000,49154700,900,125
"n-queens","annealing",7745.000000,55415200,1000,125
"n-queens","genetic",7615.000000,181646300,100,125
"n-queens","genetic",7605.000000,454518700,200,125
"n-queens","genetic",7567.000000,807481700,300,125
"n-queens","genetic",7515.000000,900871500,400,125
"n-queens","genetic",7441.000000,1071238200,500,125
"n-queens","genetic",7427.000000,1257878500,600,125
"n-queens","genetic",7363.000000,1510639400,700,125
"n-queens","genetic",7342.000000,1618349900,800,125
"n-queens","genetic",7225.000000,1932413200,900,125
"n-queens","genetic",7140.000000,2110026000,1000,125
"n-queens","mimic",7712.000000,35369230700,100,125
"n-queens","mimic",7720.000000,66139275500,200,125
"n-queens","mimic",7720.000000,97199214200,300,125
"n-queens","mimic",7722.000000,132088721700,400,125
"n-queens","mimic",7723.000000,160141071300,500,125
"n-queens","mimic",7724.000000,145748830500,600,125
"n-queens","mimic",7725.000000,157726668400,700,125
"n-queens","mimic",7725.000000,154638694700,800,125
"n-queens","mimic",7725.000000,157257579500,900,125
"n-queens","mimic",7725.000000,174398146900,1000,125
"four-peaks","rhc",3.000000,116500,100,125
"four-peaks","rhc",12.000000,239900,200,125
"four-peaks","rhc",13.000000,327800,300,125
"four-peaks","rhc",23.000000,517400,400,125
"four-peaks","rhc",28.000000,542200,500,125
"four-peaks","rhc",29.000000,695500,600,125
"four-peaks","rhc",29.000000,819900,700,125
"four-peaks","rhc",32.000000,885100,800,125
"four-peaks","rhc",36.000000,1019800,900,125
"four-peaks","rhc",45.000000,1264200,1000,125
"four-peaks","annealing",0.000000,221300,100,125
"four-peaks","annealing",0.000000,462900,200,125
"four-peaks","annealing",12.000000,887300,300,125
"four-peaks","annealing",14.000000,1267800,400,125
"four-peaks","annealing",16.000000,1450900,500,125
"four-peaks","annealing",20.000000,1607700,600,125
"four-peaks","annealing",28.000000,2138300,700,125
"four-peaks","annealing",28.000000,2476200,800,125
"four-peaks","annealing",29.000000,2942200,900,125
"four-peaks","annealing",38.000000,3201500,1000,125
"four-peaks","genetic",9.000000,99077700,100,125
"four-peaks","genetic",14.000000,197280700,200,125
"four-peaks","genetic",26.000000,374040400,300,125
"four-peaks","genetic",30.000000,409447800,400,125
"four-peaks","genetic",28.000000,494183900,500,125
"four-peaks","genetic",32.000000,600092300,600,125
"four-peaks","genetic",36.000000,672670000,700,125
"four-peaks","genetic",38.000000,798060800,800,125
"four-peaks","genetic",43.000000,848365500,900,125
"four-peaks","genetic",49.000000,951485200,1000,125
"four-peaks","mimic",3.000000,2899047400,100,125
"four-peaks","mimic",5.000000,5355665800,200,125
"four-peaks","mimic",3.000000,7345891300,300,125
"four-peaks","mimic",7.000000,10113520800,400,125
"four-peaks","mimic",7.000000,12006085700,500,125
"four-peaks","mimic",7.000000,15422640500,600,125
"four-peaks","mimic",54.000000,16881047200,700,125
"four-peaks","mimic",69.000000,18285188100,800,125
"four-peaks","mimic",62.000000,20645398200,900,125
"four-peaks","mimic",62.000000,21676666700,1000,125
"count-ones","rhc",56.000000,132500,100,125
"count-ones","rhc",56.000000,245800,200,125
"count-ones","rhc",56.000000,369700,300,125
"count-ones","rhc",56.000000,482300,400,125
"count-ones","rhc",56.000000,638400,500,125
"count-ones","rhc",56.000000,799400,600,125
"count-ones","rhc",56.000000,918100,700,125
"count-ones","rhc",56.000000,955500,800,125
"count-ones","rhc",56.000000,1066300,900,125
"count-ones","rhc",56.000000,1096800,1000,125
"count-ones","annealing",80.000000,216500,100,125
"count-ones","annealing",109.000000,352500,200,125
"count-ones","annealing",121.000000,752800,300,125
"count-ones","annealing",124.000000,1155000,400,125
"count-ones","annealing",124.000000,1440600,500,125
"count-ones","annealing",125.000000,1707500,600,125
"count-ones","annealing",125.000000,1944800,700,125
"count-ones","annealing",125.000000,4142700,800,125
"count-ones","annealing",125.000000,3180000,900,125
"count-ones","annealing",125.000000,3612700,1000,125
"count-ones","mimic",92.000000,1789364200,100,125
"count-ones","mimic",92.000000,3700640200,200,125
"count-ones","mimic",92.000000,6185887700,300,125
"count-ones","mimic",92.000000,7776351800,400,125
"count-ones","mimic",92.000000,9011287900,500,125
"count-ones","mimic",92.000000,11809025600,600,125
"count-ones","mimic",92.000000,12896713900,700,125
"count-ones","mimic",92.000000,15219303700,800,125
"count-ones","mimic",92.000000,16217458400,900,125
"count-ones","mimic",92.000000,16968144400,1000,125
"traveling-salesman","rhc",0.019177,212400,100,125
"traveling-salesman","rhc",0.024762,420900,200,125
"traveling-salesman","rhc",0.026377,711600,300,125
"traveling-salesman","rhc",0.029375,796200,400,125
"traveling-salesman","rhc",0.033424,1652500,500,125
"traveling-salesman","rhc",0.035443,1371900,600,125
"traveling-salesman","rhc",0.038227,1440300,700,125
"traveling-salesman","rhc",0.040421,2142800,800,125
"traveling-salesman","rhc",0.043475,2321300,900,125
"traveling-salesman","rhc",0.045140,2389300,1000,125
"traveling-salesman","annealing",0.020046,316500,100,125
"traveling-salesman","annealing",0.024639,758300,200,125
"traveling-salesman","annealing",0.028303,1422500,300,125
"traveling-salesman","annealing",0.030882,1735100,400,125
"traveling-salesman","annealing",0.034750,2004900,500,125
"traveling-salesman","annealing",0.038420,2572300,600,125
"traveling-salesman","annealing",0.041101,2878300,700,125
"traveling-salesman","annealing",0.044128,2947500,800,125
"traveling-salesman","annealing",0.046289,3343000,900,125
"traveling-salesman","annealing",0.049201,4085400,1000,125
"traveling-salesman","genetic",0.018443,91749000,100,125
"traveling-salesman","genetic",0.020957,205365400,200,125
"traveling-salesman","genetic",0.024119,294312400,300,125
"traveling-salesman","genetic",0.027521,431088200,400,125
"traveling-salesman","genetic",0.028911,487466600,500,125
"traveling-salesman","genetic",0.031659,657868000,600,125
"traveling-salesman","genetic",0.040159,686446300,700,125
"traveling-salesman","genetic",0.064651,949206500,800,125
"traveling-salesman","genetic",0.115386,961575000,900,125
"traveling-salesman","genetic",0.267545,1061758900,1000,125
"traveling-salesman","mimic",0.033162,9593304800,100,125
"traveling-salesman","mimic",0.043065,12172353900,200,125
"traveling-salesman","mimic",0.049518,14854367100,300,125
"traveling-salesman","mimic",0.053154,16717817900,400,125
"traveling-salesman","mimic",0.063496,16745700200,500,125
"traveling-salesman","mimic",0.066641,17643969000,600,125
"traveling-salesman","mimic",0.069825,19555257300,700,125
"traveling-salesman","mimic",0.080351,20050114300,800,125
"traveling-salesman","mimic",0.103652,21003793300,900,125
"traveling-salesman","mimic",0.124369,18964396100,1000,125
"n-queens","rhc",11122.000000,7584200,100,150
"n-queens","rhc",11146.000000,15809100,200,150
"n-queens","rhc",11154.000000,22254700,300,150
"n-queens","rhc",11159.000000,29725600,400,150
"n-queens","rhc",11164.000000,39020300,500,150
"n-queens","rhc",11166.000000,45090400,600,150
"n-queens","rhc",11169.000000,56157700,700,150
"n-queens","rhc",11169.000000,66232600,800,150
"n-queens","rhc",11170.000000,67819300,900,150
"n-queens","rhc",11172.000000,99852700,1000,150
"n-queens","annealing",11128.000000,12737400,100,150
"n-queens","annealing",11148.000000,32064000,200,150
"n-queens","annealing",11155.000000,51558500,300,150
"n-queens","annealing",11161.000000,29708700,400,150
"n-queens","annealing",11167.000000,38477400,500,150
"n-queens","annealing",11168.000000,53281500,600,150
"n-queens","annealing",11168.000000,71803800,700,150
"n-queens","annealing",11169.000000,62355900,800,150
"n-queens","annealing",11169.000000,70244200,900,150
"n-queens","annealing",11169.000000,88838200,1000,150
"n-queens","genetic",11042.000000,270806500,100,150
"n-queens","genetic",11017.000000,525527200,200,150
"n-queens","genetic",10999.000000,774700500,300,150
"n-queens","genetic",10935.000000,1581856000,400,150
"n-queens","genetic",10866.000000,1507690500,500,150
"n-queens","genetic",10786.000000,2047209600,600,150
"n-queens","genetic",10745.000000,2025955400,700,150
"n-queens","genetic",10706.000000,2590257800,800,150
"n-queens","genetic",10626.000000,2443410800,900,150
"n-queens","genetic",10564.000000,2839346800,1000,150
"n-queens","mimic",11120.000000,51057249800,100,150
"n-queens","mimic",11129.000000,94665431000,200,150
"n-queens","mimic",11132.000000,149199543000,300,150
"n-queens","mimic",11132.000000,199476269000,400,150
"n-queens","mimic",11133.000000,187171643800,500,150
"n-queens","mimic",11135.000000,200844149400,600,150
"n-queens","mimic",11136.000000,197393966000,700,150
"n-queens","mimic",11136.000000,214391723100,800,150
"n-queens","mimic",11136.000000,214158590500,900,150
"n-queens","mimic",11137.000000,237667407000,1000,150
"four-peaks","rhc",3.000000,82500,100,150
"four-peaks","rhc",9.000000,163700,200,150
"four-peaks","rhc",10.000000,226800,300,150
"four-peaks","rhc",11.000000,312500,400,150
"four-peaks","rhc",19.000000,447300,500,150
"four-peaks","rhc",25.000000,531600,600,150
"four-peaks","rhc",30.000000,591500,700,150
"four-peaks","rhc",38.000000,707000,800,150
"four-peaks","rhc",40.000000,837000,900,150
"four-peaks","rhc",46.000000,916600,1000,150
"four-peaks","annealing",1.000000,173700,100,150
"four-peaks","annealing",2.000000,324300,200,150
"four-peaks","annealing",3.000000,717600,300,150
"four-peaks","annealing",7.000000,1017300,400,150
"four-peaks","annealing",7.000000,1185700,500,150
"four-peaks","annealing",8.000000,1376300,600,150
"four-peaks","annealing",11.000000,1678900,700,150
"four-peaks","annealing",14.000000,1987300,800,150
"four-peaks","annealing",18.000000,2157000,900,150
"four-peaks","annealing",33.000000,2436600,1000,150
"four-peaks","genetic",11.000000,85087700,100,150
"four-peaks","genetic",11.000000,206877800,200,150
"four-peaks","genetic",16.000000,443068700,300,150
"four-peaks","genetic",24.000000,507179700,400,150
"four-peaks","genetic",27.000000,925485800,500,150
"four-peaks","genetic",27.000000,946887800,600,150
"four-peaks","genetic",36.000000,940790700,700,150
"four-peaks","genetic",36.000000,983568100,800,150
"four-peaks","genetic",37.000000,1166346100,900,150
"four-peaks","genetic",42.000000,1052671700,1000,150
"four-peaks","mimic",3.000000,5030417500,100,150
"four-peaks","mimic",4.000000,8450942100,200,150
"four-peaks","mimic",3.000000,12089818900,300,150
"four-peaks","mimic",14.000000,14024043600,400,150
"four-peaks","mimic",8.000000,18250390400,500,150
"four-peaks","mimic",14.000000,20125074900,600,150
"four-peaks","mimic",8.000000,22298773000,700,150
"four-peaks","mimic",8.000000,26201491800,800,150
"four-peaks","mimic",103.000000,25553190600,900,150
"four-peaks","mimic",80.000000,26032142700,1000,150
"count-ones","rhc",66.000000,172900,100,150
"count-ones","rhc",66.000000,314000,200,150
"count-ones","rhc",66.000000,502000,300,150
"count-ones","rhc",66.000000,565600,400,150
"count-ones","rhc",66.000000,738100,500,150
"count-ones","rhc",66.000000,757500,600,150
"count-ones","rhc",66.000000,795000,700,150
"count-ones","rhc",66.000000,949200,800,150
"count-ones","rhc",66.000000,1153100,900,150
"count-ones","rhc",66.000000,1506800,1000,150
"count-ones","annealing",98.000000,272700,100,150
"count-ones","annealing",120.000000,590300,200,150
"count-ones","annealing",140.000000,1029800,300,150
"count-ones","annealing",147.000000,1513900,400,150
"count-ones","annealing",150.000000,1864600,500,150
"count-ones","annealing",150.000000,2110300,600,150
"count-ones","annealing",150.000000,2188800,700,150
"count-ones","annealing",150.000000,2390400,800,150
"count-ones","annealing",150.000000,3014800,900,150
"count-ones","annealing",150.000000,3656700,1000,150
"count-ones","mimic",115.000000,3208580600,100,150
"count-ones","mimic",115.000000,5008960900,200,150
"count-ones","mimic",115.000000,6887956100,300,150
"count-ones","mimic",115.000000,9277215900,400,150
"count-ones","mimic",115.000000,11217279000,500,150
"count-ones","mimic",115.000000,13876409700,600,150
"count-ones","mimic",115.000000,14821161700,700,150
"count-ones","mimic",115.000000,15978508600,800,150
"count-ones","mimic",115.000000,18378551200,900,150
"count-ones","mimic",115.000000,19976807400,1000,150
"traveling-salesman","rhc",0.015979,204500,100,150
"traveling-salesman","rhc",0.018756,366000,200,150
"traveling-salesman","rhc",0.022397,496800,300,150
"traveling-salesman","rhc",0.025420,801300,400,150
"traveling-salesman","rhc",0.028216,959600,500,150
"traveling-salesman","rhc",0.030147,1188500,600,150
"traveling-salesman","rhc",0.031444,1643800,700,150
"traveling-salesman","rhc",0.033589,2258200,800,150
"traveling-salesman","rhc",0.035147,2363100,900,150
"traveling-salesman","rhc",0.037626,2705600,1000,150
"traveling-salesman","annealing",0.016614,376600,100,150
"traveling-salesman","annealing",0.020562,770000,200,150
"traveling-salesman","annealing",0.022719,1332800,300,150
"traveling-salesman","annealing",0.025372,1722700,400,150
"traveling-salesman","annealing",0.027918,2406200,500,150
"traveling-salesman","annealing",0.030941,2799600,600,150
"traveling-salesman","annealing",0.032638,3630800,700,150
"traveling-salesman","annealing",0.034106,3311400,800,150
"traveling-salesman","annealing",0.035560,4376600,900,150
"traveling-salesman","annealing",0.036659,4734200,1000,150
"traveling-salesman","genetic",0.014531,114196800,100,150
"traveling-salesman","genetic",0.015840,211487100,200,150
"traveling-salesman","genetic",0.017030,355933600,300,150
"traveling-salesman","genetic",0.019206,494623500,400,150
"traveling-salesman","genetic",0.021248,589716800,500,150
"traveling-salesman","genetic",0.025524,684711900,600,150
"traveling-salesman","genetic",0.030090,1057545800,700,150
"traveling-salesman","genetic",0.034739,964178000,800,150
"traveling-salesman","genetic",0.046400,1103328400,900,150
"traveling-salesman","genetic",0.058081,1073734400,1000,150
"traveling-salesman","mimic",0.027862,20368992600,100,150
"traveling-salesman","mimic",0.036803,20823058600,200,150
"traveling-salesman","mimic",0.047482,22903672000,300,150
"traveling-salesman","mimic",0.053013,23676395100,400,150
"traveling-salesman","mimic",0.065223,22952528700,500,150
"traveling-salesman","mimic",0.076559,22809118300,600,150
"traveling-salesman","mimic",0.087060,22122919900,700,150
"traveling-salesman","mimic",0.106212,20819584200,800,150
"traveling-salesman","mimic",0.129665,20901146800,900,150
"traveling-salesman","mimic",0.142900,22607477800,1000,150
"n-queens","rhc",15153.000000,10536600,100,175
"n-queens","rhc",15181.000000,21272500,200,175
"n-queens","rhc",15196.000000,32902000,300,175
"n-queens","rhc",15203.000000,43093000,400,175
"n-queens","rhc",15208.000000,57682800,500,175
"n-queens","rhc",15211.000000,69436000,600,175
"n-queens","rhc",15213.000000,81020500,700,175
"n-queens","rhc",15214.000000,88127400,800,175
"n-queens","rhc",15218.000000,96191600,900,175
"n-queens","rhc",15219.000000,109803100,1000,175
"n-queens","annealing",15148.000000,10995200,100,175
"n-queens","annealing",15187.000000,22086500,200,175
"n-queens","annealing",15196.000000,39610200,300,175
"n-queens","annealing",15204.000000,45061400,400,175
"n-queens","annealing",15207.000000,71945900,500,175
"n-queens","annealing",15215.000000,100546600,600,175
"n-queens","annealing",15218.000000,128310400,700,175
"n-queens","annealing",15219.000000,106487300,800,175
"n-queens","annealing",15220.000000,102138700,900,175
"n-queens","annealing",15223.000000,116006000,1000,175
"n-queens","genetic",15055.000000,346577200,100,175
"n-queens","genetic",15037.000000,729925300,200,175
"n-queens","genetic",14984.000000,1208832200,300,175
"n-queens","genetic",14948.000000,1389900900,400,175
"n-queens","genetic",14892.000000,1817227500,500,175
"n-queens","genetic",14815.000000,2118584900,600,175
"n-queens","genetic",14760.000000,2476984300,700,175
"n-queens","genetic",14625.000000,3218288000,800,175
"n-queens","genetic",14592.000000,3513364700,900,175
"n-queens","genetic",14501.000000,3798573700,1000,175
"n-queens","mimic",15159.000000,76375187100,100,175
"n-queens","mimic",15166.000000,149624672200,200,175
"n-queens","mimic",15168.000000,247445097700,300,175
"n-queens","mimic",15171.000000,248773079300,400,175
"n-queens","mimic",15176.000000,249842129400,500,175
"n-queens","mimic",15176.000000,271838443500,600,175
"n-queens","mimic",15178.000000,276516032100,700,175
"n-queens","mimic",15179.000000,297174214500,800,175
"n-queens","mimic",15180.000000,303319824700,900,175
"n-queens","mimic",15180.000000,307047440700,1000,175
"four-peaks","rhc",0.000000,106400,100,175
"four-peaks","rhc",2.000000,199800,200,175
"four-peaks","rhc",12.000000,296500,300,175
"four-peaks","rhc",13.000000,384300,400,175
"four-peaks","rhc",15.000000,512600,500,175
"four-peaks","rhc",19.000000,737300,600,175
"four-peaks","rhc",32.000000,810100,700,175
"four-peaks","rhc",38.000000,895600,800,175
"four-peaks","rhc",41.000000,1018600,900,175
"four-peaks","rhc",55.000000,1135000,1000,175
"four-peaks","annealing",3.000000,114000,100,175
"four-peaks","annealing",3.000000,196600,200,175
"four-peaks","annealing",5.000000,530500,300,175
"four-peaks","annealing",10.000000,884200,400,175
"four-peaks","annealing",10.000000,977900,500,175
"four-peaks","annealing",16.000000,879200,600,175
"four-peaks","annealing",19.000000,1240400,700,175
"four-peaks","annealing",29.000000,1487000,800,175
"four-peaks","annealing",34.000000,1579900,900,175
"four-peaks","annealing",38.000000,2149300,1000,175
"four-peaks","genetic",11.000000,83866700,100,175
"four-peaks","genetic",15.000000,201672300,200,175
"four-peaks","genetic",16.000000,231395100,300,175
"four-peaks","genetic",21.000000,549358300,400,175
"four-peaks","genetic",21.000000,593602100,500,175
"four-peaks","genetic",22.000000,663085200,600,175
"four-peaks","genetic",28.000000,1017646700,700,175
"four-peaks","genetic",32.000000,1166801200,800,175
"four-peaks","genetic",39.000000,1065877200,900,175
"four-peaks","genetic",52.000000,1209972600,1000,175
"four-peaks","mimic",8.000000,5467868000,100,175
"four-peaks","mimic",4.000000,8927980700,200,175
"four-peaks","mimic",3.000000,12817969800,300,175
"four-peaks","mimic",3.000000,16368817900,400,175
"four-peaks","mimic",3.000000,20744478300,500,175
"four-peaks","mimic",10.000000,23077913700,600,175
"four-peaks","mimic",10.000000,26032862400,700,175
"four-peaks","mimic",17.000000,28041991000,800,175
"four-peaks","mimic",10.000000,30884395800,900,175
"four-peaks","mimic",17.000000,33320569200,1000,175
"count-ones","rhc",89.000000,92100,100,175
"count-ones","rhc",89.000000,194900,200,175
"count-ones","rhc",89.000000,266500,300,175
"count-ones","rhc",89.000000,413500,400,175
"count-ones","rhc",89.000000,512200,500,175
"count-ones","rhc",89.000000,609600,600,175
"count-ones","rhc",89.000000,703200,700,175
"count-ones","rhc",89.000000,919200,800,175
"count-ones","rhc",89.000000,1173000,900,175
"count-ones","rhc",89.000000,1260500,1000,175
"count-ones","annealing",105.000000,258500,100,175
"count-ones","annealing",137.000000,429100,200,175
"count-ones","annealing",157.000000,700600,300,175
"count-ones","annealing",168.000000,927100,400,175
"count-ones","annealing",173.000000,1176800,500,175
"count-ones","annealing",174.000000,1418600,600,175
"count-ones","annealing",174.000000,1933000,700,175
"count-ones","annealing",175.000000,2098300,800,175
"count-ones","annealing",175.000000,2270700,900,175
"count-ones","annealing",175.000000,2358700,1000,175
"count-ones","mimic",131.000000,2698715600,100,175
"count-ones","mimic",131.000000,5755276400,200,175
"count-ones","mimic",131.000000,8247323900,300,175
"count-ones","mimic",131.000000,10435929400,400,175
"count-ones","mimic",131.000000,12811610100,500,175
"count-ones","mimic",131.000000,16164723700,600,175
"count-ones","mimic",131.000000,18395451200,700,175
"count-ones","mimic",131.000000,19466422200,800,175
"count-ones","mimic",131.000000,19673511800,900,175
"count-ones","mimic",131.000000,22883751600,1000,175
"traveling-salesman","rhc",0.012480,207500,100,175
"traveling-salesman","rhc",0.015806,406000,200,175
"traveling-salesman","rhc",0.018418,559700,300,175
"traveling-salesman","rhc",0.021397,760100,400,175
"traveling-salesman","rhc",0.023195,1043200,500,175
"traveling-salesman","rhc",0.025306,1285400,600,175
"traveling-salesman","rhc",0.027115,1448000,700,175
"traveling-salesman","rhc",0.028119,1578900,800,175
"traveling-salesman","rhc",0.028432,1811600,900,175
"traveling-salesman","rhc",0.030175,2114300,1000,175
"traveling-salesman","annealing",0.012433,324900,100,175
"traveling-salesman","annealing",0.015505,611700,200,175
"traveling-salesman","annealing",0.018631,1014700,300,175
"traveling-salesman","annealing",0.020694,1374600,400,175
"traveling-salesman","annealing",0.022855,1737300,500,175
"traveling-salesman","annealing",0.024658,1938500,600,175
"traveling-salesman","annealing",0.026311,2302600,700,175
"traveling-salesman","annealing",0.028874,2853000,800,175
"traveling-salesman","annealing",0.029571,14018100,900,175
"traveling-salesman","annealing",0.031025,4591400,1000,175
"traveling-salesman","genetic",0.012476,117071800,100,175
"traveling-salesman","genetic",0.012985,242228900,200,175
"traveling-salesman","genetic",0.013015,682104200,300,175
"traveling-salesman","genetic",0.014171,522771100,400,175
"traveling-salesman","genetic",0.016582,665056600,500,175
"traveling-salesman","genetic",0.018863,948909900,600,175
"traveling-salesman","genetic",0.024150,949070500,700,175
"traveling-salesman","genetic",0.031650,1255637000,800,175
"traveling-salesman","genetic",0.038120,983288700,900,175
"traveling-salesman","genetic",0.049850,1226550600,1000,175
"traveling-salesman","mimic",0.022601,34835532500,100,175
"traveling-salesman","mimic",0.032155,30592749400,200,175
"traveling-salesman","mimic",0.045355,27354092800,300,175
"traveling-salesman","mimic",0.053886,27490262400,400,175
"traveling-salesman","mimic",0.070633,27276395900,500,175
"traveling-salesman","mimic",0.100697,25897669200,600,175
"traveling-salesman","mimic",0.119686,21982370600,700,175
"traveling-salesman","mimic",0.137998,21789829000,800,175
"traveling-salesman","mimic",0.336308,18732139800,900,175
"traveling-salesman","mimic",6.293748,17450672500,1000,175
"n-queens","rhc",19816.000000,17286700,100,200
"n-queens","rhc",19852.000000,42012100,200,200
"n-queens","rhc",19865.000000,67366700,300,200
"n-queens","rhc",19873.000000,76308900,400,200
"n-queens","rhc",19883.000000,100077300,500,200
"n-queens","rhc",19885.000000,116374400,600,200
"n-queens","rhc",19888.000000,119684700,700,200
"n-queens","rhc",19890.000000,148166700,800,200
"n-queens","rhc",19891.000000,147102700,900,200
"n-queens","rhc",19894.000000,192063200,1000,200
"n-queens","annealing",19821.000000,15465300,100,200
"n-queens","annealing",19852.000000,43050700,200,200
"n-queens","annealing",19862.000000,55829100,300,200
"n-queens","annealing",19868.000000,71150100,400,200
"n-queens","annealing",19881.000000,82582200,500,200
"n-queens","annealing",19883.000000,114568800,600,200
"n-queens","annealing",19884.000000,134588100,700,200
"n-queens","annealing",19887.000000,154146300,800,200
"n-queens","annealing",19889.000000,156914700,900,200
"n-queens","annealing",19893.000000,180014200,1000,200
"n-queens","genetic",19704.000000,459398300,100,200
"n-queens","genetic",19674.000000,939125100,200,200
"n-queens","genetic",19632.000000,1396421600,300,200
"n-queens","genetic",19598.000000,2045804600,400,200
"n-queens","genetic",19543.000000,2426330700,500,200
"n-queens","genetic",19507.000000,2854616400,600,200
"n-queens","genetic",19407.000000,3197013200,700,200
"n-queens","genetic",19277.000000,3642084000,800,200
"n-queens","genetic",19087.000000,4186811300,900,200
"n-queens","genetic",19067.000000,4813575000,1000,200
"n-queens","mimic",19817.000000,120358559500,100,200
"n-queens","mimic",19829.000000,248223167800,200,200
"n-queens","mimic",19835.000000,280064382400,300,200
"n-queens","mimic",19840.000000,293108838000,400,200
"n-queens","mimic",19841.000000,318135239200,500,200
"n-queens","mimic",19841.000000,344391829300,600,200
"n-queens","mimic",19842.000000,350027243300,700,200
"n-queens","mimic",19843.000000,367862804100,800,200
"n-queens","mimic",19843.000000,358074161800,900,200
"n-queens","mimic",19843.000000,392696739600,1000,200
"four-peaks","rhc",2.000000,155400,100,200
"four-peaks","rhc",2.000000,323400,200,200
"four-peaks","rhc",2.000000,444500,300,200
"four-peaks","rhc",5.000000,594700,400,200
"four-peaks","rhc",8.000000,766500,500,200
"four-peaks","rhc",16.000000,919000,600,200
"four-peaks","rhc",25.000000,1005600,700,200
"four-peaks","rhc",33.000000,1207600,800,200
"four-peaks","rhc",39.000000,1174600,900,200
"four-peaks","rhc",44.000000,1238500,1000,200
"four-peaks","annealing",1.000000,225500,100,200
"four-peaks","annealing",3.000000,363400,200,200
"four-peaks","annealing",3.000000,896800,300,200
"four-peaks","annealing",3.000000,1286900,400,200
"four-peaks","annealing",5.000000,1590000,500,200
"four-peaks","annealing",5.000000,1843800,600,200
"four-peaks","annealing",9.000000,2245400,700,200
"four-peaks","annealing",20.000000,2629900,800,200
"four-peaks","annealing",24.000000,3021400,900,200
"four-peaks","annealing",32.000000,3461600,1000,200
"four-peaks","genetic",11.000000,129385000,100,200
"four-peaks","genetic",11.000000,143600300,200,200
"four-peaks","genetic",11.000000,252110900,300,200
"four-peaks","genetic",18.000000,447573200,400,200
"four-peaks","genetic",20.000000,463266300,500,200
"four-peaks","genetic",20.000000,602852700,600,200
"four-peaks","genetic",21.000000,656881000,700,200
"four-peaks","genetic",21.000000,892961300,800,200
"four-peaks","genetic",24.000000,852970800,900,200
"four-peaks","genetic",28.000000,964104700,1000,200
"four-peaks","mimic",2.000000,6730620700,100,200
"four-peaks","mimic",2.000000,10838637000,200,200
"four-peaks","mimic",2.000000,15168196300,300,200
"four-peaks","mimic",6.000000,18405179600,400,200
"four-peaks","mimic",15.000000,22186592100,500,200
"four-peaks","mimic",15.000000,26530273500,600,200
"four-peaks","mimic",51.000000,29997996300,700,200
"four-peaks","mimic",23.000000,34222157300,800,200
"four-peaks","mimic",23.000000,35930305400,900,200
"four-peaks","mimic",119.000000,39160889600,1000,200
"count-ones","rhc",103.000000,121000,100,200
"count-ones","rhc",103.000000,232200,200,200
"count-ones","rhc",103.000000,341300,300,200
"count-ones","rhc",103.000000,446900,400,200
"count-ones","rhc",103.000000,560700,500,200
"count-ones","rhc",103.000000,666000,600,200
"count-ones","rhc",103.000000,802100,700,200
"count-ones","rhc",103.000000,939700,800,200
"count-ones","rhc",103.000000,1016700,900,200
"count-ones","rhc",103.000000,1149500,1000,200
"count-ones","annealing",125.000000,182200,100,200
"count-ones","annealing",154.000000,400500,200,200
"count-ones","annealing",175.000000,765200,300,200
"count-ones","annealing",192.000000,1071000,400,200
"count-ones","annealing",199.000000,1300300,500,200
"count-ones","annealing",200.000000,1550800,600,200
"count-ones","annealing",200.000000,2234400,700,200
"count-ones","annealing",200.000000,2481500,800,200
"count-ones","annealing",200.000000,3189500,900,200
"count-ones","annealing",200.000000,3304400,1000,200
"count-ones","mimic",147.000000,2907896400,100,200
"count-ones","mimic",147.000000,5702980000,200,200
"count-ones","mimic",147.000000,8578599900,300,200
"count-ones","mimic",147.000000,11202054300,400,200
"count-ones","mimic",147.000000,13932387900,500,200
"count-ones","mimic",147.000000,17459311900,600,200
"count-ones","mimic",147.000000,18592622900,700,200
"count-ones","mimic",147.000000,22076168100,800,200
"count-ones","mimic",147.000000,24451591300,900,200
"count-ones","mimic",147.000000,25788782500,1000,200
"traveling-salesman","rhc",0.011305,230600,100,200
"traveling-salesman","rhc",0.013224,481500,200,200
"traveling-salesman","rhc",0.014620,753200,300,200
"traveling-salesman","rhc",0.016285,1010400,400,200
"traveling-salesman","rhc",0.019292,1254000,500,200
"traveling-salesman","rhc",0.020830,1525300,600,200
"traveling-salesman","rhc",0.021976,1767600,700,200
"traveling-salesman","rhc",0.023671,1825300,800,200
"traveling-salesman","rhc",0.025733,1903200,900,200
"traveling-salesman","rhc",0.026591,2193800,1000,200
"traveling-salesman","annealing",0.011233,265400,100,200
"traveling-salesman","annealing",0.013626,543700,200,200
"traveling-salesman","annealing",0.015529,954000,300,200
"traveling-salesman","annealing",0.017423,1357200,400,200
"traveling-salesman","annealing",0.019551,1816600,500,200
"traveling-salesman","annealing",0.020673,2280400,600,200
"traveling-salesman","annealing",0.021925,2646900,700,200
"traveling-salesman","annealing",0.023130,2807200,800,200
"traveling-salesman","annealing",0.025064,2905400,900,200
"traveling-salesman","annealing",0.025942,3263800,1000,200
"traveling-salesman","genetic",0.011331,74122300,100,200
"traveling-salesman","genetic",0.011415,201183000,200,200
"traveling-salesman","genetic",0.012422,300679600,300,200
"traveling-salesman","genetic",0.012823,551513200,400,200
"traveling-salesman","genetic",0.012336,690808500,500,200
"traveling-salesman","genetic",0.013506,816320400,600,200
"traveling-salesman","genetic",0.013848,810042700,700,200
"traveling-salesman","genetic",0.016853,953096900,800,200
"traveling-salesman","genetic",0.019191,955458000,900,200
"traveling-salesman","genetic",0.025373,1126153800,1000,200
"traveling-salesman","mimic",0.018737,64609691100,100,200
"traveling-salesman","mimic",0.024492,52156348000,200,200
"traveling-salesman","mimic",0.031071,52373168500,300,200
"traveling-salesman","mimic",0.034390,48764166500,400,200
"traveling-salesman","mimic",0.045007,41782986000,500,200
"traveling-salesman","mimic",0.057153,31540164500,600,200
"traveling-salesman","mimic",0.074613,25529991200,700,200
"traveling-salesman","mimic",0.116394,20116876000,800,200
"traveling-salesman","mimic",0.152888,16157634100,900,200
"traveling-salesman","mimic",0.232663,15058942400,1000,200
"n-queens","rhc",25109.000000,24892700,100,225
"n-queens","rhc",25141.000000,48798000,200,225
"n-queens","rhc",25159.000000,90291900,300,225
"n-queens","rhc",25170.000000,118976100,400,225
"n-queens","rhc",25178.000000,144261500,500,225
"n-queens","rhc",25183.000000,165184400,600,225
"n-queens","rhc",25185.000000,157080500,700,225
"n-queens","rhc",25189.000000,172082600,800,225
"n-queens","rhc",25191.000000,288058900,900,225
"n-queens","rhc",25194.000000,270620800,1000,225
"n-queens","annealing",25107.000000,26294900,100,225
"n-queens","annealing",25145.000000,55743500,200,225
"n-queens","annealing",25162.000000,80345400,300,225
"n-queens","annealing",25170.000000,111304100,400,225
"n-queens","annealing",25177.000000,146590700,500,225
"n-queens","annealing",25183.000000,174492500,600,225
"n-queens","annealing",25185.000000,208410400,700,225
"n-queens","annealing",25188.000000,206546200,800,225
"n-queens","annealing",25189.000000,284197700,900,225
"n-queens","annealing",25190.000000,256034000,1000,225
"n-queens","genetic",24961.000000,619120300,100,225
"n-queens","genetic",24937.000000,1169872000,200,225
"n-queens","genetic",24888.000000,1776971900,300,225
"n-queens","genetic",24845.000000,2481681800,400,225
"n-queens","genetic",24770.000000,2975485300,500,225
"n-queens","genetic",24671.000000,3519752400,600,225
"n-queens","genetic",24605.000000,4236533700,700,225
"n-queens","genetic",24588.000000,4822952800,800,225
"n-queens","genetic",24503.000000,5294049100,900,225
"n-queens","genetic",24444.000000,5926413700,1000,225
"n-queens","mimic",25106.000000,215736011000,100,225
"n-queens","mimic",25114.000000,302098233900,200,225
"n-queens","mimic",25122.000000,334106894800,300,225
"n-queens","mimic",25128.000000,371661441200,400,225
"n-queens","mimic",25130.000000,411824684500,500,225
"n-queens","mimic",25131.000000,428387885400,600,225
"n-queens","mimic",25131.000000,419173505900,700,225
"n-queens","mimic",25131.000000,456628699300,800,225
"n-queens","mimic",25131.000000,473034957300,900,225
"n-queens","mimic",25131.000000,516891917000,1000,225
"four-peaks","rhc",1.000000,81700,100,225
"four-peaks","rhc",2.000000,178900,200,225
"four-peaks","rhc",7.000000,257600,300,225
"four-peaks","rhc",11.000000,332000,400,225
"four-peaks","rhc",11.000000,403700,500,225
"four-peaks","rhc",17.000000,442000,600,225
"four-peaks","rhc",20.000000,537900,700,225
"four-peaks","rhc",25.000000,560200,800,225
"four-peaks","rhc",29.000000,630200,900,225
"four-peaks","rhc",33.000000,753300,1000,225
"four-peaks","annealing",4.000000,161800,100,225
"four-peaks","annealing",4.000000,309700,200,225
"four-peaks","annealing",4.000000,687700,300,225
"four-peaks","annealing",4.000000,980400,400,225
"four-peaks","annealing",6.000000,1146200,500,225
"four-peaks","annealing",8.000000,1636400,600,225
"four-peaks","annealing",8.000000,1986600,700,225
"four-peaks","annealing",10.000000,2148600,800,225
"four-peaks","annealing",12.000000,2403500,900,225
"four-peaks","annealing",29.000000,2624200,1000,225
"four-peaks","genetic",15.000000,75142400,100,225
"four-peaks","genetic",15.000000,185558600,200,225
"four-peaks","genetic",21.000000,177645800,300,225
"four-peaks","genetic",19.000000,236535700,400,225
"four-peaks","genetic",20.000000,566661500,500,225
"four-peaks","genetic",23.000000,421450800,600,225
"four-peaks","genetic",23.000000,710549100,700,225
"four-peaks","genetic",30.000000,580098900,800,225
"four-peaks","genetic",33.000000,780067800,900,225
"four-peaks","genetic",42.000000,913417600,1000,225
"four-peaks","mimic",6.000000,8165335600,100,225
"four-peaks","mimic",3.000000,13209816900,200,225
"four-peaks","mimic",3.000000,19128980500,300,225
"four-peaks","mimic",8.000000,24410722500,400,225
"four-peaks","mimic",8.000000,29220436400,500,225
"four-peaks","mimic",60.000000,32357188900,600,225
"four-peaks","mimic",50.000000,37669031700,700,225
"four-peaks","mimic",56.000000,38121206100,800,225
"four-peaks","mimic",60.000000,40860785100,900,225
"four-peaks","mimic",60.000000,44015082300,1000,225
"count-ones","rhc",115.000000,137800,100,225
"count-ones","rhc",115.000000,254400,200,225
"count-ones","rhc",115.000000,376500,300,225
"count-ones","rhc",115.000000,502000,400,225
"count-ones","rhc",115.000000,636800,500,225
"count-ones","rhc",115.000000,768400,600,225
"count-ones","rhc",115.000000,874400,700,225
"count-ones","rhc",115.000000,1016600,800,225
"count-ones","rhc",115.000000,1429500,900,225
"count-ones","rhc",115.000000,1257300,1000,225
"count-ones","annealing",143.000000,221400,100,225
"count-ones","annealing",178.000000,423200,200,225
"count-ones","annealing",200.000000,1231800,300,225
"count-ones","annealing",213.000000,1062300,400,225
"count-ones","annealing",220.000000,1246900,500,225
"count-ones","annealing",223.000000,1288600,600,225
"count-ones","annealing",223.000000,1588400,700,225
"count-ones","annealing",225.000000,1732600,800,225
"count-ones","annealing",225.000000,1924300,900,225
"count-ones","annealing",225.000000,2258300,1000,225
"count-ones","mimic",162.000000,3519041600,100,225
"count-ones","mimic",162.000000,6990984000,200,225
"count-ones","mimic",162.000000,10309726400,300,225
"count-ones","mimic",162.000000,13762296100,400,225
"count-ones","mimic",162.000000,17497410400,500,225
"count-ones","mimic",162.000000,20558379600,600,225
"count-ones","mimic",162.000000,22840811100,700,225
"count-ones","mimic",162.000000,24739602100,800,225
"count-ones","mimic",162.000000,28283158900,900,225
"count-ones","mimic",162.000000,29008611700,1000,225
"traveling-salesman","rhc",0.009259,289800,100,225
"traveling-salesman","rhc",0.011230,546900,200,225
"traveling-salesman","rhc",0.013267,805000,300,225
"traveling-salesman","rhc",0.014811,1071900,400,225
"traveling-salesman","rhc",0.016346,1280800,500,225
"traveling-salesman","rhc",0.017982,1593600,600,225
"traveling-salesman","rhc",0.019512,1972500,700,225
"traveling-salesman","rhc",0.020383,1903000,800,225
"traveling-salesman","rhc",0.021644,2252900,900,225
"traveling-salesman","rhc",0.022950,10182600,1000,225
"traveling-salesman","annealing",0.009818,730900,100,225
"traveling-salesman","annealing",0.011490,2056300,200,225
"traveling-salesman","annealing",0.013507,1169100,300,225
"traveling-salesman","annealing",0.015319,3136200,400,225
"traveling-salesman","annealing",0.016989,5515100,500,225
"traveling-salesman","annealing",0.018335,4194900,600,225
"traveling-salesman","annealing",0.019644,2949800,700,225
"traveling-salesman","annealing",0.021125,2871500,800,225
"traveling-salesman","annealing",0.022167,4062300,900,225
"traveling-salesman","annealing",0.022818,4809500,1000,225
"traveling-salesman","genetic",0.009310,174704900,100,225
"traveling-salesman","genetic",0.009262,153327000,200,225
"traveling-salesman","genetic",0.009634,295402400,300,225
"traveling-salesman","genetic",0.010335,266793000,400,225
"traveling-salesman","genetic",0.010967,422687500,500,225
"traveling-salesman","genetic",0.012037,570293300,600,225
"traveling-salesman","genetic",0.013921,686934400,700,225
"traveling-salesman","genetic",0.015920,579900900,800,225
"traveling-salesman","genetic",0.017801,939922900,900,225
"traveling-salesman","genetic",0.021987,923555600,1000,225
"traveling-salesman","mimic",0.015199,124574392400,100,225
"traveling-salesman","mimic",0.017320,108523862200,200,225
"traveling-salesman","mimic",0.020005,88139759600,300,225
"traveling-salesman","mimic",0.022208,81131349200,400,225
"traveling-salesman","mimic",0.025461,70018276700,500,225
"traveling-salesman","mimic",0.029315,62222221300,600,225
"traveling-salesman","mimic",0.033477,49213595400,700,225
"traveling-salesman","mimic",0.039385,36825592700,800,225
"traveling-salesman","mimic",0.046985,22921401800,900,225
"traveling-salesman","mimic",0.061325,19265703700,1000,225
"n-queens","rhc",31017.000000,37637000,100,250
"n-queens","rhc",31062.000000,78928100,200,250
"n-queens","rhc",31078.000000,141797700,300,250
"n-queens","rhc",31089.000000,165161500,400,250
"n-queens","rhc",31099.000000,179007600,500,250
"n-queens","rhc",31104.000000,202799900,600,250
"n-queens","rhc",31108.000000,302677900,700,250
"n-queens","rhc",31109.000000,353048400,800,250
"n-queens","rhc",31114.000000,368693700,900,250
"n-queens","rhc",31115.000000,428658200,1000,250
"n-queens","annealing",31017.000000,37821600,100,250
"n-queens","annealing",31064.000000,74643400,200,250
"n-queens","annealing",31079.000000,123181500,300,250
"n-queens","annealing",31094.000000,164515700,400,250
"n-queens","annealing",31096.000000,192503300,500,250
"n-queens","annealing",31106.000000,261606800,600,250
"n-queens","annealing",31111.000000,268803800,700,250
"n-queens","annealing",31114.000000,359615900,800,250
"n-queens","annealing",31116.000000,379519500,900,250
"n-queens","annealing",31117.000000,413376300,1000,250
"n-queens","genetic",30898.000000,781036300,100,250
"n-queens","genetic",30858.000000,1638208400,200,250
"n-queens","genetic",30812.000000,2404124800,300,250
"n-queens","genetic",30758.000000,3388702900,400,250
"n-queens","genetic",30694.000000,4188108200,500,250
"n-queens","genetic",30624.000000,4967402900,600,250
"n-queens","genetic",30484.000000,5780444200,700,250
"n-queens","genetic",30462.000000,6492383100,800,250
"n-queens","genetic",30391.000000,7236085400,900,250
"n-queens","genetic",30236.000000,7886704700,1000,250
"n-queens","mimic",31031.000000,335950712700,100,250
"n-queens","mimic",31043.000000,374913135000,200,250
"n-queens","mimic",31052.000000,443332836900,300,250
"n-queens","mimic",31053.000000,500923820900,400,250
"n-queens","mimic",31055.000000,528550957300,500,250
"n-queens","mimic",31057.000000,531145553500,600,250
"n-queens","mimic",31057.000000,578145033500,700,250
"n-queens","mimic",31058.000000,631562026800,800,250
"n-queens","mimic",31058.000000,666898891100,900,250
"n-queens","mimic",31058.000000,730392626900,1000,250
"four-peaks","rhc",1.000000,137500,100,250
"four-peaks","rhc",1.000000,263700,200,250
"four-peaks","rhc",9.000000,407500,300,250
"four-peaks","rhc",13.000000,496700,400,250
"four-peaks","rhc",14.000000,701200,500,250
"four-peaks","rhc",14.000000,858600,600,250
"four-peaks","rhc",22.000000,1063600,700,250
"four-peaks","rhc",26.000000,1245500,800,250
"four-peaks","rhc",34.000000,1351400,900,250
"four-peaks","rhc",35.000000,1593300,1000,250
"four-peaks","annealing",1.000000,229300,100,250
"four-peaks","annealing",3.000000,350300,200,250
"four-peaks","annealing",3.000000,882600,300,250
"four-peaks","annealing",3.000000,1086900,400,250
"four-peaks","annealing",3.000000,1420100,500,250
"four-peaks","annealing",3.000000,2150500,600,250
"four-peaks","annealing",9.000000,2481100,700,250
"four-peaks","annealing",11.000000,2752100,800,250
"four-peaks","annealing",11.000000,2668600,900,250
"four-peaks","annealing",17.000000,2359600,1000,250
"four-peaks","genetic",11.000000,26505400,100,250
"four-peaks","genetic",18.000000,49671600,200,250
"four-peaks","genetic",20.000000,169180700,300,250
"four-peaks","genetic",20.000000,260290300,400,250
"four-peaks","genetic",28.000000,283828300,500,250
"four-peaks","genetic",30.000000,262724700,600,250
"four-peaks","genetic",32.000000,311338300,700,250
"four-peaks","genetic",38.000000,360819000,800,250
"four-peaks","genetic",40.000000,536109700,900,250
"four-peaks","genetic",44.000000,435128600,1000,250
"four-peaks","mimic",6.000000,9756886800,100,250
"four-peaks","mimic",1.000000,17016520600,200,250
"four-peaks","mimic",5.000000,23921551000,300,250
"four-peaks","mimic",1.000000,30131657300,400,250
"four-peaks","mimic",7.000000,32458433500,500,250
"four-peaks","mimic",32.000000,35772233100,600,250
"four-peaks","mimic",5.000000,40618023900,700,250
"four-peaks","mimic",5.000000,35522804100,800,250
"four-peaks","mimic",159.000000,33877128700,900,250
"four-peaks","mimic",159.000000,36733787000,1000,250
"count-ones","rhc",133.000000,142800,100,250
"count-ones","rhc",133.000000,300700,200,250
"count-ones","rhc",133.000000,437500,300,250
"count-ones","rhc",133.000000,648800,400,250
"count-ones","rhc",133.000000,819600,500,250
"count-ones","rhc",133.000000,1002600,600,250
"count-ones","rhc",133.000000,1137500,700,250
"count-ones","rhc",133.000000,1314100,800,250
"count-ones","rhc",133.000000,1477100,900,250
"count-ones","rhc",133.000000,1626100,1000,250
"count-ones","annealing",158.000000,174800,100,250
"count-ones","annealing",183.000000,407800,200,250
"count-ones","annealing",213.000000,849700,300,250
"count-ones","annealing",238.000000,1137800,400,250
"count-ones","annealing",246.000000,1556400,500,250
"count-ones","annealing",250.000000,1965300,600,250
"count-ones","annealing",250.000000,2392700,700,250
"count-ones","annealing",250.000000,2688900,800,250
"count-ones","annealing",250.000000,2966900,900,250
"count-ones","annealing",250.000000,3259500,1000,250
"count-ones","mimic",179.000000,3683142600,100,250
"count-ones","mimic",179.000000,7729478300,200,250
"count-ones","mimic",179.000000,11642218800,300,250
"count-ones","mimic",179.000000,16086014700,400,250
"count-ones","mimic",179.000000,20014247400,500,250
"count-ones","mimic",179.000000,22544823100,600,250
"count-ones","mimic",179.000000,23923880800,700,250
"count-ones","mimic",179.000000,26169093100,800,250
"count-ones","mimic",179.000000,29423419300,900,250
"count-ones","mimic",179.000000,31877778400,1000,250
"traveling-salesman","rhc",0.008948,306400,100,250
"traveling-salesman","rhc",0.010165,602400,200,250
"traveling-salesman","rhc",0.011420,865900,300,250
"traveling-salesman","rhc",0.013100,1244200,400,250
"traveling-salesman","rhc",0.015042,1538200,500,250
"traveling-salesman","rhc",0.015838,1893100,600,250
"traveling-salesman","rhc",0.016955,2241200,700,250
"traveling-salesman","rhc",0.017982,3525800,800,250
"traveling-salesman","rhc",0.019623,2675000,900,250
"traveling-salesman","rhc",0.020473,3185400,1000,250
"traveling-salesman","annealing",0.008527,330400,100,250
"traveling-salesman","annealing",0.010149,666600,200,250
"traveling-salesman","annealing",0.012083,1105900,300,250
"traveling-salesman","annealing",0.013389,1588300,400,250
"traveling-salesman","annealing",0.014653,1974400,500,250
"traveling-salesman","annealing",0.016307,2354500,600,250
"traveling-salesman","annealing",0.017345,2872800,700,250
"traveling-salesman","annealing",0.018647,3502600,800,250
"traveling-salesman","annealing",0.020078,4032500,900,250
"traveling-salesman","annealing",0.021294,4695600,1000,250
"traveling-salesman","genetic",0.008227,176008000,100,250
"traveling-salesman","genetic",0.008619,96692600,200,250
"traveling-salesman","genetic",0.008987,106991200,300,250
"traveling-salesman","genetic",0.009279,180398000,400,250
"traveling-salesman","genetic",0.009933,181180400,500,250
"traveling-salesman","genetic",0.010561,269565400,600,250
"traveling-salesman","genetic",0.011138,267792300,700,250
"traveling-salesman","genetic",0.012044,391597400,800,250
"traveling-salesman","genetic",0.013962,353173500,900,250
"traveling-salesman","genetic",0.015395,442839500,1000,250
"traveling-salesman","mimic",0.013205,229995308600,100,250
"traveling-salesman","mimic",0.015455,203944245400,200,250
"traveling-salesman","mimic",0.017557,197313450100,300,250
"traveling-salesman","mimic",0.019530,201467443600,400,250
"traveling-salesman","mimic",0.021039,191257869100,500,250
"traveling-salesman","mimic",0.021011,192900231100,600,250
"traveling-salesman","mimic",0.021764,201239636100,700,250
"traveling-salesman","mimic",0.023266,173991298900,800,250
"traveling-salesman","mimic",0.025206,153606417200,900,250
"traveling-salesman","mimic",0.026443,148238484500,1000,250
"count-ones","genetic",25.000000,62237399,100,25
"count-ones","genetic",25.000000,119292200,200,25
"count-ones","genetic",25.000000,170883301,300,25
"count-ones","genetic",25.000000,189099101,400,25
"count-ones","genetic",25.000000,234910100,500,25
"count-ones","genetic",25.000000,165246400,600,25
"count-ones","genetic",25.000000,334569300,700,25
"count-ones","genetic",25.000000,363334300,800,25
"count-ones","genetic",25.000000,441099900,900,25
"count-ones","genetic",25.000000,508507599,1000,25
"count-ones","genetic",49.000000,175014600,100,50
"count-ones","genetic",50.000000,326516500,200,50
"count-ones","genetic",50.000000,548785000,300,50
"count-ones","genetic",50.000000,608237800,400,50
"count-ones","genetic",50.000000,542886200,500,50
"count-ones","genetic",50.000000,984038300,600,50
"count-ones","genetic",50.000000,1102124100,700,50
"count-ones","genetic",50.000000,952878501,800,50
"count-ones","genetic",50.000000,1074414299,900,50
"count-ones","genetic",50.000000,1385328300,1000,50
"count-ones","genetic",69.000000,361537099,100,75
"count-ones","genetic",74.000000,775099100,200,75
"count-ones","genetic",75.000000,1189574400,300,75
"count-ones","genetic",75.000000,944563500,400,75
"count-ones","genetic",75.000000,1606557999,500,75
"count-ones","genetic",75.000000,1290808600,600,75
"count-ones","genetic",75.000000,1831867201,700,75
"count-ones","genetic",75.000000,1956213801,800,75
"count-ones","genetic",75.000000,2164727400,900,75
"count-ones","genetic",75.000000,2279919100,1000,75
"count-ones","genetic",86.000000,758272899,100,100
"count-ones","genetic",99.000000,1393723200,200,100
"count-ones","genetic",100.000000,1824366201,300,100
"count-ones","genetic",100.000000,3514721300,400,100
"count-ones","genetic",100.000000,3322891901,500,100
"count-ones","genetic",100.000000,3716815700,600,100
"count-ones","genetic",100.000000,3375730600,700,100
"count-ones","genetic",100.000000,3474094999,800,100
"count-ones","genetic",100.000000,4305824501,900,100
"count-ones","genetic",100.000000,5354132800,1000,100
"count-ones","genetic",105.000000,956417700,100,125
"count-ones","genetic",121.000000,1797714800,200,125
"count-ones","genetic",124.000000,2506444599,300,125
"count-ones","genetic",124.000000,3385480799,400,125
"count-ones","genetic",125.000000,3603829700,500,125
"count-ones","genetic",125.000000,4298396800,600,125
"count-ones","genetic",125.000000,4608518900,700,125
"count-ones","genetic",125.000000,5379975900,800,125
"count-ones","genetic",125.000000,5250203000,900,125
"count-ones","genetic",124.000000,5493390201,1000,125
"count-ones","genetic",123.000000,1291478400,100,150
"count-ones","genetic",140.000000,2127171400,200,150
"count-ones","genetic",148.000000,3520169701,300,150
"count-ones","genetic",150.000000,4537503700,400,150
"count-ones","genetic",150.000000,4680366099,500,150
"count-ones","genetic",150.000000,5111821500,600,150
"count-ones","genetic",150.000000,5983508599,700,150
"count-ones","genetic",150.000000,6610403800,800,150
"count-ones","genetic",150.000000,6116861901,900,150
"count-ones","genetic",150.000000,6275997000,1000,150
"count-ones","genetic",139.000000,1882070200,100,175
"count-ones","genetic",162.000000,3505924201,200,175
"count-ones","genetic",172.000000,4462530699,300,175
"count-ones","genetic",173.000000,5445158601,400,175
"count-ones","genetic",174.000000,6719801899,500,175
"count-ones","genetic",174.000000,7875178301,600,175
"count-ones","genetic",175.000000,7252466099,700,175
"count-ones","genetic",175.000000,6454840201,800,175
"count-ones","genetic",175.000000,6285209200,900,175
"count-ones","genetic",175.000000,6128549200,1000,175
"count-ones","genetic",152.000000,2596861900,100,200
"count-ones","genetic",180.000000,3937969500,200,200
"count-ones","genetic",192.000000,5515645401,300,200
"count-ones","genetic",198.000000,7308344000,400,200
"count-ones","genetic",198.000000,7769773099,500,200
"count-ones","genetic",198.000000,9066898300,600,200
"count-ones","genetic",199.000000,8583787300,700,200
"count-ones","genetic",199.000000,6868427100,800,200
"count-ones","genetic",199.000000,6331718900,900,200
"count-ones","genetic",199.000000,5279926099,1000,200
"count-ones","genetic",166.000000,3085910700,100,225
"count-ones","genetic",203.000000,5318895499,200,225
"count-ones","genetic",220.000000,6536014301,300,225
"count-ones","genetic",221.000000,7871168000,400,225
"count-ones","genetic",223.000000,9713149400,500,225
"count-ones","genetic",223.000000,9601963000,600,225
"count-ones","genetic",224.000000,8157739001,700,225
"count-ones","genetic",224.000000,7490714599,800,225
"count-ones","genetic",224.000000,5693498700,900,225
"count-ones","genetic",225.000000,2801955500,1000,225
"count-ones","genetic",180.000000,3466058600,100,250
"count-ones","genetic",218.000000,5118421600,200,250
"count-ones","genetic",238.000000,7322427401,300,250
"count-ones","genetic",246.000000,9006491099,400,250
"count-ones","genetic",249.000000,10086326601,500,250
"count-ones","genetic",250.000000,9736692499,600,250
"count-ones","genetic",250.000000,8115879400,700,250
"count-ones","genetic",250.000000,7137297199,800,250
"count-ones","genetic",250.000000,4678636600,900,250
"count-ones","genetic",250.000000,2047722899,1000,250